{
	"ambient": {
		"x": 0.10000000149011612,
		"y": 0.10000000149011612,
		"z": 0.10000000149011612
	},
	"default_material": "null",
	"main_camera": "977c2073-ac3f-6140-9ed5-9b8fa688d0c2",
	"objects": [
		{
			"children": [],
			"components": {
				"Gameplay::Camera": {
					"clear_color": {
						"w": -431602080.0,
						"x": -431602080.0,
						"y": -431602080.0,
						"z": -431602080.0
					},
					"enabled": true,
					"far_plane": 1000.0,
					"fov_radians": 1.5707963705062866,
					"guid": "977c2073-ac3f-6140-9ed5-9b8fa688d0c2",
					"near_plane": 0.10000000149011612,
					"ortho_enabled": false,
					"ortho_size": 10.0
				}
			},
			"guid": "31aa74e1-8ad4-834b-b531-5fe45819a95c",
			"hide_in_inspector": false,
			"name": "Main Camera",
			"parent": "null",
			"position": {
				"x": -9.0,
				"y": -6.0,
				"z": 15.0
			},
			"rotation": {
				"w": 0.4999999701976776,
				"x": 0.4999999701976776,
				"y": 0.4999999701976776,
				"z": 0.4999999701976776
			},
			"scale": {
				"x": 1.0,
				"y": 1.0,
				"z": 1.0
			}
		},
		{
			"children": [
				{
					"children": [],
					"components": {
						"Light": {
							"color": {
								"x": 0.0,
								"y": 1.0,
								"z": 0.0
							},
							"direction": {
								"x": 0.0,
								"y": 0.0,
								"z": -1.0
							},
							"enabled": true,
							"guid": "2b013541-0a73-5e4b-b0d6-4a008a4c6fd0",
							"intensity": 1.0,
							"params": {
								"x": 0.0,
								"y": 0.0,
								"z": 0.0
							},
							"range": 5.0,
							"type": "Point"
						}
					},
					"guid": "07533a10-a607-ff4d-add5-799aa857eeb7",
					"hide_in_inspector": false,
					"name": "Light",
					"parent": "5683eb99-91fd-d84a-8193-1119137527ee",
					"position": {
						"x": -6.5,
						"y": 0.0,
						"z": 5.0
					},
					"rotation": {
						"w": 1.0,
						"x": 0.0,
						"y": 0.0,
						"z": 0.0
					},
					"scale": {
						"x": 1.0,
						"y": 1.0,
						"z": 1.0
					}
				},
				{
					"children": [],
					"components": {
						"Light": {
							"color": {
								"x": 0.0,
								"y": 1.0,
								"z": 0.0
							},
							"direction": {
								"x": 0.0,
								"y": 0.0,
								"z": -1.0
							},
							"enabled": true,
							"guid": "51572fb9-7b60-3b44-b839-3d8a3a199b5d",
							"intensity": 1.0,
							"params": {
								"x": 0.0,
								"y": 0.0,
								"z": 0.0
							},
							"range": 5.0,
							"type": "Point"
						}
					},
					"guid": "dc34acad-b52c-974a-936f-4d186324b02c",
					"hide_in_inspector": false,
					"name": "Light",
					"parent": "5683eb99-91fd-d84a-8193-1119137527ee",
					"position": {
						"x": 0.0,
						"y": 0.0,
						"z": 5.0
					},
					"rotation": {
						"w": 1.0,
						"x": 0.0,
						"y": 0.0,
						"z": 0.0
					},
					"scale": {
						"x": 1.0,
						"y": 1.0,
						"z": 1.0
					}
				},
				{
					"children": [],
					"components": {
						"Light": {
							"color": {
								"x": 0.0,
								"y": 1.0,
								"z": 0.0
							},
							"direction": {
								"x": 0.0,
								"y": 0.0,
								"z": -1.0
							},
							"enabled": true,
							"guid": "e28946f2-4eda-1d45-b80b-2ed6b0f7cae1",
							"intensity": 1.0,
							"params": {
								"x": 0.0,
								"y": 0.0,
								"z": 0.0
							},
							"range": 5.0,
							"type": "Point"
						}
					},
					"guid": "8f166b91-4189-c742-a120-6d0796645596",
					"hide_in_inspector": false,
					"name": "Light",
					"parent": "5683eb99-91fd-d84a-8193-1119137527ee",
					"position": {
						"x": 6.5,
						"y": 0.0,
						"z": 5.0
					},
					"rotation": {
						"w": 1.0,
						"x": 0.0,
						"y": 0.0,
						"z": 0.0
					},
					"scale": {
						"x": 1.0,
						"y": 1.0,
						"z": 1.0
					}
				},
				{
					"children": [],
					"components": {
						"Light": {
							"color": {
								"x": 0.0,
								"y": 1.0,
								"z": 0.0
							},
							"direction": {
								"x": 0.0,
								"y": 0.0,
								"z": -1.0
							},
							"enabled": true,
							"guid": "438efd77-c41c-f54a-981f-f106423793f9",
							"intensity": 1.0,
							"params": {
								"x": 0.0,
								"y": 0.0,
								"z": 0.0
							},
							"range": 5.0,
							"type": "Point"
						}
					},
					"guid": "e61f2e1f-55b9-414b-b09d-3ff86a59de80",
					"hide_in_inspector": false,
					"name": "Light",
					"parent": "5683eb99-91fd-d84a-8193-1119137527ee",
					"position": {
						"x": 13.0,
						"y": 0.0,
						"z": 5.0
					},
					"rotation": {
						"w": 1.0,
						"x": 0.0,
						"y": 0.0,
						"z": 0.0
					},
					"scale": {
						"x": 1.0,
						"y": 1.0,
						"z": 1.0
					}
				}
			],
			"components": null,
			"guid": "5683eb99-91fd-d84a-8193-1119137527ee",
			"hide_in_inspector": false,
			"name": "Lights",
			"parent": "null",
			"position": {
				"x": 0.0,
				"y": 0.0,
				"z": 0.0
			},
			"rotation": {
				"w": 1.0,
				"x": 0.0,
				"y": 0.0,
				"z": 0.0
			},
			"scale": {
				"x": 1.0,
				"y": 1.0,
				"z": 1.0
			}
		},
		{
			"children": [],
			"components": {
				"Light": {
					"color": {
						"x": 0.0,
						"y": 1.0,
						"z": 0.0
					},
					"direction": {
						"x": 0.0,
						"y": 0.0,
						"z": -1.0
					},
					"enabled": true,
					"guid": "2b013541-0a73-5e4b-b0d6-4a008a4c6fd0",
					"intensity": 1.0,
					"params": {
						"x": 0.0,
						"y": 0.0,
						"z": 0.0
					},
					"range": 5.0,
					"type": "Point"
				}
			},
			"guid": "07533a10-a607-ff4d-add5-799aa857eeb7",
			"hide_in_inspector": false,
			"name": "Light",
			"parent": "5683eb99-91fd-d84a-8193-1119137527ee",
			"position": {
				"x": -6.5,
				"y": 0.0,
				"z": 5.0
			},
			"rotation": {
				"w": 1.0,
				"x": 0.0,
				"y": 0.0,
				"z": 0.0
			},
			"scale": {
				"x": 1.0,
				"y": 1.0,
				"z": 1.0
			}
		},
		{
			"children": [],
			"components": {
				"Light": {
					"color": {
						"x": 0.0,
						"y": 1.0,
						"z": 0.0
					},
					"direction": {
						"x": 0.0,
						"y": 0.0,
						"z": -1.0
					},
					"enabled": true,
					"guid": "51572fb9-7b60-3b44-b839-3d8a3a199b5d",
					"intensity": 1.0,
					"params": {
						"x": 0.0,
						"y": 0.0,
						"z": 0.0
					},
					"range": 5.0,
					"type": "Point"
				}
			},
			"guid": "dc34acad-b52c-974a-936f-4d186324b02c",
			"hide_in_inspector": false,
			"name": "Light",
			"parent": "5683eb99-91fd-d84a-8193-1119137527ee",
			"position": {
				"x": 0.0,
				"y": 0.0,
				"z": 5.0
			},
			"rotation": {
				"w": 1.0,
				"x": 0.0,
				"y": 0.0,
				"z": 0.0
			},
			"scale": {
				"x": 1.0,
				"y": 1.0,
				"z": 1.0
			}
		},
		{
			"children": [],
			"components": {
				"Light": {
					"color": {
						"x": 0.0,
						"y": 1.0,
						"z": 0.0
					},
					"direction": {
						"x": 0.0,
						"y": 0.0,
						"z": -1.0
					},
					"enabled": true,
					"guid": "e28946f2-4eda-1d45-b80b-2ed6b0f7cae1",
					"intensity": 1.0,
					"params": {
						"x": 0.0,
						"y": 0.0,
						"z": 0.0
					},
					"range": 5.0,
					"type": "Point"
				}
			},
			"guid": "8f166b91-4189-c742-a120-6d0796645596",
			"hide_in_inspector": false,
			"name": "Light",
			"parent": "5683eb99-91fd-d84a-8193-1119137527ee",
			"position": {
				"x": 6.5,
				"y": 0.0,
				"z": 5.0
			},
			"rotation": {
				"w": 1.0,
				"x": 0.0,
				"y": 0.0,
				"z": 0.0
			},
			"scale": {
				"x": 1.0,
				"y": 1.0,
				"z": 1.0
			}
		},
		{
			"children": [],
			"components": {
				"Light": {
					"color": {
						"x": 0.0,
						"y": 1.0,
						"z": 0.0
					},
					"direction": {
						"x": 0.0,
						"y": 0.0,
						"z": -1.0
					},
					"enabled": true,
					"guid": "438efd77-c41c-f54a-981f-f106423793f9",
					"intensity": 1.0,
					"params": {
						"x": 0.0,
						"y": 0.0,
						"z": 0.0
					},
					"range": 5.0,
					"type": "Point"
				}
			},
			"guid": "e61f2e1f-55b9-414b-b09d-3ff86a59de80",
			"hide_in_inspector": false,
			"name": "Light",
			"parent": "5683eb99-91fd-d84a-8193-1119137527ee",
			"position": {
				"x": 13.0,
				"y": 0.0,
				"z": 5.0
			},
			"rotation": {
				"w": 1.0,